1;11.26303;5.62702;8.94448;9.39924;11.16172;10.17759;11.62209;6.35491;10.43652;10.43567;6.82655;11.08013;11.32041;9.06891;10.92201;9.37797;6.01837;5.78372;9.75952;12.03003;6.95489;7.99977;9.78660;9.35096;11.45911
1;10.86466;5.15623;8.28253;8.55401;11.06407;9.75104;11.44789;6.92671;9.93180;9.98366;4.04876;9.97784;10.64001;8.92633;10.44877;12.16742;5.62848;5.02148;10.99623;12.09999;6.38267;7.84455;10.37441;8.96933;11.57900
1;10.79307;4.66562;7.48832;8.28279;11.44310;9.97029;11.81667;6.76374;10.28712;10.12980;3.77821;10.31899;10.94587;9.87414;10.95613;10.58299;5.24546;4.74416;10.19509;12.21183;6.53512;8.52442;9.95106;10.04656;11.61575
1;10.99499;5.61088;7.95600;8.33501;10.90277;9.97539;11.67220;5.85499;10.12646;9.64350;5.05202;10.19994;10.62075;9.47628;10.68032;11.96411;5.51365;5.39746;10.10033;12.08201;6.67807;8.12221;10.34733;9.45704;11.43333
1;11.06237;4.77558;8.23874;8.60192;11.48188;10.43107;11.78449;6.91253;9.99359;10.19029;3.50990;10.17717;10.49814;9.54614;10.94228;11.60841;5.69153;5.26754;11.24917;12.37419;6.70446;8.01547;10.11205;9.60043;11.72843
1;10.99563;4.67582;8.97105;9.60301;11.39772;9.80597;12.01182;6.97923;10.61267;10.66495;3.72064;9.76080;10.69170;9.90253;10.76408;12.00957;5.34944;3.19692;11.66696;12.03979;6.49041;7.19022;10.11785;10.66689;11.46134
1;11.11827;5.97877;8.00183;8.53417;11.93561;11.18056;11.40798;5.66334;10.17223;9.85754;4.59932;10.43589;10.64843;10.19399;10.55560;11.70853;6.26247;5.36212;10.45438;11.78366;5.74940;8.06107;10.23607;10.55194;11.47948
1;10.85009;5.55213;8.85449;9.47711;11.79821;10.32134;11.97250;7.19859;11.36754;11.60220;4.50716;10.27982;10.52204;10.30489;11.51528;11.56085;6.74766;4.74255;11.42408;12.40814;6.48043;7.65535;10.45911;11.07359;11.50516
1;11.27182;5.17552;8.12621;8.63314;11.70054;10.68984;11.64309;7.25503;11.40076;11.51371;3.61706;9.69699;10.52073;9.84388;11.05509;11.87931;6.05235;4.61530;11.23269;12.47559;5.94755;8.46504;10.23876;10.67334;11.55481
1;11.02712;5.48285;8.19402;8.68513;11.44396;9.54026;11.69576;7.71781;10.59725;10.51306;4.75969;10.08132;10.44279;10.59829;11.07235;12.20815;5.90689;5.93499;11.23225;12.21704;6.89227;8.39391;9.95455;10.61668;11.55724
1;10.68083;4.89433;8.10565;8.70781;11.05944;9.39819;11.11181;7.60511;9.59307;9.61794;4.81967;10.77715;10.67720;8.58594;10.44259;9.24657;5.33271;5.60288;10.00541;11.83789;6.54148;8.03601;9.10266;8.83029;11.37284
1;11.45492;4.67864;7.37217;7.75832;11.08671;10.00602;11.13289;5.86925;9.85031;9.87556;5.99515;10.51449;10.73406;9.20334;10.84535;9.56963;6.37025;5.75261;9.75926;11.67761;5.20594;8.80616;10.65561;10.24146;11.12909
1;11.41629;3.81147;8.57732;8.88560;11.60031;10.61972;11.83171;7.10182;10.32980;10.48261;4.65707;10.12028;10.32138;8.70681;10.86206;11.31470;6.14954;4.40871;11.29896;12.29770;6.44477;8.67994;10.65800;8.34904;11.79735
1;10.78278;5.24679;8.00910;8.80512;11.32379;10.41425;11.71044;6.34572;11.26803;10.91376;4.26078;10.94434;10.63230;9.58989;11.57158;8.73410;5.38319;5.26021;10.75715;12.20497;6.45401;8.13658;10.59334;10.92747;11.76561
1;11.38641;5.19574;8.41259;9.05257;11.08985;10.53725;12.03131;6.03925;9.46855;9.36278;4.74497;10.84474;10.60800;8.79258;10.59959;9.25768;6.02226;5.50367;10.32926;12.11553;6.23936;7.99110;10.08940;9.48867;11.44744
1;11.79535;5.43062;7.37643;8.15122;11.28845;9.31202;11.92985;5.62965;10.34086;10.29842;4.76607;10.17823;10.75610;9.03659;10.61185;11.30214;5.60615;5.10308;10.54433;12.38097;5.76288;8.13427;9.94632;9.61073;11.16271
1;10.61613;4.47508;7.70183;8.60448;11.88635;10.43952;11.71114;7.66661;9.96920;9.89639;2.28165;10.42254;10.81940;9.78491;10.31678;11.36112;6.05572;4.88801;10.93961;11.96835;5.78188;9.13345;10.10480;9.71012;11.42744
1;10.81666;5.81954;7.43237;8.30791;11.45608;8.66970;11.56439;5.09001;10.09018;10.20888;5.02614;9.99251;10.47016;8.65802;10.33610;6.04974;5.86555;5.53107;10.89994;11.52327;7.47723;7.59092;9.90298;10.25003;11.19054
1;10.88571;4.37330;7.92793;8.66968;12.02710;11.00112;11.71218;6.97264;10.40631;10.50047;1.62761;10.69948;10.68248;9.49828;11.38161;9.44459;6.47646;4.51286;11.16944;12.21477;6.35147;8.13430;10.72552;10.04132;11.48935
1;11.10603;4.97705;9.00374;9.50753;11.50887;9.57852;11.65926;7.33423;10.72463;10.70301;1.63227;10.42335;10.51641;8.98047;10.84544;9.47389;5.26903;4.59753;10.77971;12.41257;6.41870;8.37608;9.79535;10.16161;11.43888
1;11.00522;5.81019;7.30072;8.05815;11.88647;10.89798;11.46595;6.18953;9.75444;9.63143;3.99005;10.32597;10.68032;7.54732;10.63326;4.76155;5.88338;5.54086;10.84538;12.03747;6.89154;8.26793;10.05591;8.38161;11.51796
1;11.38542;5.06623;8.49209;9.04034;11.65083;9.44842;10.80984;6.62230;8.37259;8.62787;3.01733;10.47447;10.29255;7.36376;9.63877;9.90159;5.24400;5.16337;10.33065;12.62994;6.96347;8.43818;9.06523;8.03247;11.22364
1;11.07951;6.27212;8.42381;9.45675;11.51224;10.05470;11.77482;7.09582;10.84236;10.88526;5.10622;10.46709;10.88000;9.59801;10.97449;11.30579;6.60259;5.68047;10.85377;12.26881;5.79844;7.96921;10.39091;10.12170;11.39934
1;11.02160;6.24012;8.12748;8.80109;11.40154;9.58306;11.83534;7.43388;8.86003;8.44853;5.90304;10.94821;10.72424;7.62907;10.45249;9.34596;6.09128;6.14873;10.16432;12.56138;6.94064;8.04368;10.18728;8.05376;11.55876
1;11.04961;5.64674;7.27454;7.70328;11.48899;10.19814;12.14165;7.08545;11.04833;11.13698;4.83441;10.18860;10.32770;10.19218;11.04125;11.67723;6.70280;5.90689;10.91531;12.37737;6.18210;8.04478;10.39048;10.33745;11.63226
1;10.37003;4.90929;7.86028;8.57245;11.48058;9.54340;11.70563;6.29756;8.48470;8.59384;4.54905;9.79537;10.51314;6.86090;9.90654;9.53682;6.03265;4.99390;9.67716;12.34982;7.38262;8.08087;10.06898;6.84185;11.24013
1;11.24940;5.90809;8.34247;8.99915;10.77857;10.26931;11.86204;7.21752;9.04838;9.17190;4.63604;10.92212;10.79365;7.96855;10.89667;10.87675;6.28429;6.08385;10.26793;11.92864;5.68622;8.48961;10.03527;8.41177;11.56179
1;11.41744;3.12019;9.04573;9.42550;11.43397;10.23589;11.79835;6.36142;9.14111;9.23030;1.21723;9.57984;10.61368;8.04966;9.88593;9.98542;4.28096;3.18587;10.72965;12.33218;6.88050;8.68963;9.55240;8.23069;11.34748
1;11.17078;5.21607;7.61787;8.67511;10.45982;10.07232;11.97453;4.97682;9.90965;9.80080;4.18824;10.30367;10.64953;8.82855;9.62088;11.97422;5.94930;5.14037;9.05322;11.80181;5.65592;8.33927;10.16096;9.35575;11.30893
1;11.24568;4.96763;8.12448;8.60944;11.29670;9.92711;10.18928;8.31079;6.49665;6.62044;4.89142;10.29789;10.93057;6.07980;11.62403;10.66811;7.37278;5.43962;9.25080;12.00722;7.75081;9.86711;10.40511;6.54736;11.15787
1;11.46601;5.13894;8.07312;8.84511;11.99070;9.83715;11.78747;6.82286;11.45344;11.57405;4.38128;9.87970;10.72567;9.09694;10.66088;10.65480;5.41143;5.21781;11.14682;12.61718;5.82845;7.72931;10.91968;9.46046;11.84564
1;11.53201;5.34341;9.28397;9.60892;10.41462;9.15611;10.82836;6.82693;8.41261;8.43070;3.86196;10.54658;11.03570;6.80465;9.80156;10.94770;5.76792;5.31216;10.76654;11.91701;6.56117;8.20960;8.87077;7.20310;10.78553
1;10.93222;3.98914;8.02353;8.52093;12.09813;9.94736;11.50880;6.86208;11.02195;11.17931;3.64386;10.19433;10.18120;10.53785;10.67645;9.60868;4.91743;4.99594;10.29223;12.31153;5.45022;8.70325;10.12067;11.20389;11.66952
1;10.85051;5.29902;8.48148;8.90890;11.05757;9.85303;12.03738;6.89494;10.10953;10.39198;6.21568;10.70068;10.72958;9.32766;11.00073;11.69393;6.78437;5.09339;10.84027;12.01923;6.65234;7.14822;10.18336;10.07868;11.70881
1;10.62004;6.09529;8.46236;8.95565;11.61821;9.45230;12.10288;6.97172;10.13717;10.21053;5.35473;11.05149;10.35443;8.26249;11.03714;11.03452;6.65857;5.45269;11.46349;12.17607;6.31161;6.90418;10.01255;8.81841;11.75317
1;10.15841;5.48929;7.49562;8.18992;10.86895;10.05629;12.17867;5.99977;10.26059;9.95348;4.51286;10.57980;10.22855;7.83731;10.66390;11.19676;6.78359;4.74685;11.84743;12.02033;7.48760;7.51948;9.91198;7.92345;11.35210
1;10.99653;6.23688;8.33244;8.85449;11.29013;10.14092;11.79620;6.70625;10.19786;10.16189;5.10685;10.10890;10.71748;8.96993;10.52760;12.08969;6.17832;5.10685;10.60978;12.23648;5.89312;8.10852;9.91752;9.31243;11.32777
1;11.00757;6.18329;8.39090;8.55582;11.51245;10.10456;11.81054;6.83592;10.72907;10.71863;5.40156;10.87384;10.87170;9.72059;10.85449;11.46524;6.45730;5.81890;10.88445;12.14954;6.31759;7.41844;10.22359;9.85932;11.62662
1;11.06047;5.01748;8.85287;8.87566;11.51840;10.92060;12.05071;7.58699;10.90149;11.04346;3.16350;10.71463;10.68134;9.00815;11.13197;10.53579;5.20516;4.75382;11.57183;12.19352;6.43463;8.11213;10.67035;9.33262;11.93389
1;11.41061;5.36667;7.70750;8.26083;10.99305;9.49077;11.49292;6.43546;8.95280;8.91713;4.35755;10.01852;10.64746;6.98971;10.64200;10.71785;5.86419;5.11520;11.46450;12.24709;7.36440;8.10727;9.39930;6.68061;11.13505
1;11.12685;6.19928;8.73644;9.20367;12.04734;9.18708;11.71337;6.18051;9.32551;9.27931;5.03606;9.51229;10.58294;7.60600;10.17203;10.92486;6.68398;5.69265;10.42581;12.29203;7.05680;8.47090;10.20783;8.27594;11.55320
1;11.55557;5.92647;8.29935;8.64875;11.61792;10.30608;11.72552;6.29719;11.02761;11.13105;5.58075;10.49005;10.81678;10.18881;11.06581;5.92647;6.43863;5.84750;10.38334;12.04819;6.22091;7.85125;10.24082;10.86935;11.55875
1;10.81129;5.59066;6.65992;7.76971;11.47375;10.36075;11.58628;5.97820;9.91350;10.09482;4.74631;10.46050;10.90117;8.64972;9.81860;10.53224;6.59201;5.38163;11.00836;12.38495;7.46262;7.73863;9.71373;9.33302;10.67197
1;10.76204;4.73660;9.17547;9.40886;11.27227;9.92634;11.99772;6.41633;10.57840;10.72570;2.75275;10.73955;10.59752;9.71409;10.95777;11.19047;5.44593;4.84046;11.55266;12.46549;6.43313;7.42660;10.35753;9.75118;11.57988
1;10.80429;5.63140;8.42999;8.84065;10.90506;9.52493;11.64931;6.82515;9.76979;9.79536;5.87135;10.32709;10.78750;7.90165;10.75472;11.46540;6.79948;5.76951;11.29455;12.07107;6.48301;7.18309;9.07935;8.10360;11.24280
1;11.14677;6.05028;7.39099;8.05523;11.39780;10.13585;11.65781;7.09819;10.13034;10.17319;4.55949;9.96678;10.74184;8.27533;10.52765;11.49577;6.53450;4.54782;10.69845;11.89968;5.95233;8.43844;10.02280;8.50783;11.26575
1;11.94620;4.46597;8.22453;8.61754;11.44849;9.09866;12.27406;6.36159;9.98383;10.21111;5.07596;11.27883;10.94303;8.50184;10.87397;10.75096;7.71088;4.33342;10.82074;12.50234;5.97338;8.01770;10.55282;9.27780;11.72314
1;11.10098;5.53916;8.59731;8.80103;10.90313;8.85250;11.62598;7.25786;9.89227;10.14387;3.16189;9.87395;10.59238;7.85910;10.73374;11.96694;5.74416;5.22342;11.50738;11.99930;6.81327;7.99724;9.58676;7.54326;11.18964
1;11.27974;5.47184;8.05821;8.70065;11.81890;10.17314;11.36879;7.20291;10.77893;10.85364;4.92790;9.87889;10.17713;10.36311;10.68499;12.15565;6.29793;5.24603;10.67227;12.23546;6.83378;7.77650;10.17048;10.94092;11.41551
1;10.99418;4.98368;7.09402;7.74953;11.19096;10.61475;11.37093;7.42307;10.62304;10.79452;3.69822;10.72892;10.12020;9.71725;10.61613;8.60054;6.00652;3.05658;10.56884;12.04196;6.02392;8.99853;10.40851;10.11416;11.47406
1;10.71201;5.47151;8.50259;9.12461;11.34563;10.25426;11.53114;7.04428;11.23380;11.07894;3.75275;10.53350;10.54243;8.75926;11.21513;12.03636;5.97545;5.17513;11.36517;12.51023;6.31107;8.27524;10.31419;9.49161;11.58602
1;11.29613;5.09972;8.81545;9.26971;11.31133;10.39526;11.71333;6.78999;9.93109;10.14919;3.44228;10.08244;10.75268;8.94910;10.18947;11.82437;5.85100;5.01167;10.44344;11.90415;6.44708;8.55559;9.77154;9.09302;11.22721
1;10.81782;6.01859;9.25892;9.57380;11.67964;9.70131;12.07864;6.93793;9.61642;9.81429;5.15097;10.07125;10.42156;7.51720;10.90168;10.25644;6.33664;5.32085;11.63346;12.28625;6.84046;7.68923;10.17830;8.23040;11.52103
1;11.24843;4.82731;8.35848;8.61007;12.00801;10.36400;11.76733;6.30177;10.60268;10.34544;4.91934;10.42418;10.52819;9.63909;10.95055;10.87741;5.12681;5.08746;10.50152;12.02236;6.08044;8.02281;10.42810;10.36092;11.22035
1;10.87686;6.02203;8.05780;8.67758;11.50147;9.74148;11.87147;6.90153;9.77189;9.73440;5.36632;9.97815;10.98754;7.17727;11.08196;11.64164;6.35764;5.42240;11.87879;11.71950;6.03199;7.11145;9.61105;7.19022;11.32382
1;11.25981;2.88362;8.39017;9.05547;11.99760;11.02196;11.94705;6.83567;10.38766;10.44645;4.12772;10.36447;10.75906;9.75681;10.65943;11.65563;5.16952;4.12019;11.39332;12.29054;5.52388;8.63438;10.33241;9.66647;11.53219
1;10.98183;5.78188;6.88935;8.16350;11.67394;10.71522;11.59864;6.91421;10.39032;10.36630;5.22419;10.31835;10.84506;10.08303;10.25210;10.21096;6.04199;5.41954;9.65678;12.45081;5.68986;8.75736;9.88804;10.62541;11.23708
1;10.98569;5.76208;8.32251;9.13124;11.80726;10.19006;11.60269;6.12949;9.73635;9.54495;4.14160;10.37629;10.79511;9.45755;10.71245;11.18684;6.48430;4.73390;11.02569;12.29479;5.82069;7.94872;9.54828;9.23850;11.43102
1;11.29513;4.87774;6.95070;8.15264;11.35268;10.84491;11.67307;5.79207;10.08156;10.02129;4.50754;10.10958;11.12586;9.24627;10.30392;11.98691;5.96786;3.99639;10.84257;11.92910;5.56499;8.85153;10.29162;9.33856;11.41769
1;10.99077;4.86839;7.11884;8.01659;12.01248;10.33748;11.70514;6.67652;10.56649;10.63629;3.62410;9.89001;10.38971;9.55518;10.79237;11.79064;5.34944;4.40667;11.17197;12.28233;6.33735;8.08092;10.80457;9.77795;11.50937
1;10.91604;2.11770;8.11719;8.64502;11.68780;10.58789;12.04551;6.85740;9.91575;10.22977;3.76866;10.60543;10.57027;9.15253;10.80487;10.87952;5.36434;5.20229;11.20679;12.15679;5.50261;8.44555;9.87953;9.38871;11.49608
1;11.74291;4.93652;7.59485;8.35545;11.72813;10.75103;11.43544;7.06451;10.46612;10.79404;3.02414;9.73755;10.93540;9.66176;10.55089;11.22575;5.53473;4.83958;10.66253;12.33273;5.87713;8.21899;10.21436;9.88928;11.55867
1;10.98886;5.98413;8.38828;9.31741;11.80839;10.27609;11.84784;7.18090;11.30196;11.51434;2.91456;9.52501;10.43595;11.06134;11.39723;11.86828;6.19101;4.37851;11.24901;12.35088;6.17333;7.25020;10.40208;11.47971;11.48346
1;10.95230;2.78521;8.62289;9.42862;12.07972;10.81166;12.05053;7.12086;10.98212;11.04660;3.31347;9.89196;11.02547;10.15944;11.21712;10.75274;4.33307;2.94392;11.48082;12.52003;6.00619;8.41181;10.11611;10.81603;11.61471
1;10.20883;4.18745;8.08672;8.73247;11.82876;10.52459;12.05303;7.00439;11.29449;11.45405;3.86752;10.31089;10.62321;10.05773;11.62406;10.96159;6.01346;4.78712;11.09680;12.37467;5.90400;8.17488;9.95523;9.81897;11.71708
1;10.91557;5.05376;8.46068;8.94808;11.72272;10.11300;11.96883;6.58676;9.62922;9.37439;4.88704;10.54101;10.91049;8.25210;11.43964;10.42288;6.28392;4.78790;11.62709;12.61345;6.40574;7.30474;10.12851;8.05588;11.62487
1;10.93973;5.31143;9.17318;9.57283;11.19430;9.86230;11.84578;6.66363;10.86291;10.46333;4.61824;10.54974;10.77343;11.10523;11.95320;10.97146;6.10685;5.52982;11.01447;12.52478;6.78175;7.83238;10.16751;11.41708;11.68091
1;11.22620;4.31904;9.42870;9.54255;10.89685;9.90375;11.74138;6.73525;8.90707;8.74967;3.94860;10.84378;10.81699;6.93958;11.24141;9.81173;5.37921;4.71589;11.81813;12.50804;7.64443;7.89336;9.81035;7.15543;11.64111
1;11.13413;5.25311;7.59505;7.99283;10.46562;9.43354;12.01000;6.47254;8.45422;8.54648;4.24540;10.99077;10.49779;7.38586;10.60503;9.44434;5.98838;5.06192;10.28933;11.73495;5.84591;8.48185;10.64530;7.68094;11.47245
1;11.19660;5.64414;8.09840;8.48014;11.03282;10.19406;11.74718;7.23343;9.95680;9.87397;4.67243;10.51477;10.68954;8.92511;11.15312;12.28885;5.90256;5.32948;11.62271;12.04097;6.86022;7.57660;9.84086;8.13648;11.52669
1;10.84387;3.52231;7.35385;7.82171;11.69281;11.39109;12.35837;7.31261;10.16838;9.84056;2.96347;10.83257;10.63542;9.65170;11.48889;10.19804;5.70183;4.08916;10.44199;12.07942;6.04177;7.77393;10.70130;9.73212;11.89741
1;10.95865;4.24184;7.24760;7.83248;11.61983;10.14764;11.48898;7.40037;9.66908;9.38628;1.65306;10.35788;10.96738;8.76590;10.78076;11.88992;5.87135;5.31107;10.68843;12.08920;7.03144;9.02846;9.99421;8.51191;11.45472
1;10.95528;5.22689;6.27984;7.27240;11.20612;10.54037;10.94182;6.62936;10.82111;10.07718;4.92362;11.15339;11.07407;9.08911;10.33075;11.59297;5.43863;5.96139;10.20457;11.79854;7.15765;9.72098;10.41904;8.67783;11.50553
1;11.53054;4.38750;8.16867;8.24198;11.31436;10.73236;11.72903;7.25380;11.25394;11.06995;4.73877;10.32836;10.47468;9.78916;11.26086;12.09347;6.09360;5.53419;11.06149;12.22558;7.18676;8.31179;10.28419;10.00495;11.87134
1;11.49181;6.09951;8.05723;8.74409;11.68713;10.35470;11.74113;6.05832;10.02091;9.59305;5.73145;10.19451;10.72720;9.49927;10.27102;10.24604;6.21645;5.94977;10.93932;12.19857;6.74376;8.00405;10.20543;9.79328;11.15787
1;11.58509;4.80787;8.01642;8.36755;11.49165;11.28776;11.66065;7.95431;10.24586;9.73838;2.81147;10.74233;10.54432;9.50331;11.91049;8.69707;7.22680;4.71864;10.63802;12.25747;5.40224;8.73162;11.16559;9.73838;11.69624
1;10.73162;5.41109;8.68345;9.11876;11.80056;10.38206;12.01845;6.54272;11.66910;11.87758;4.89409;10.27271;10.87725;10.25226;11.38538;10.56454;6.20095;5.66860;11.87301;12.02569;6.84987;7.54009;10.02774;10.78287;11.69729
1;11.20940;2.71149;7.90677;8.29912;11.94641;10.85733;11.50001;6.80980;11.56429;11.49650;2.96759;10.94372;10.36229;10.59360;11.17308;9.20325;5.27612;4.67469;10.25524;11.63334;6.30725;9.25285;10.02630;11.29908;11.82677
1;10.83115;5.82642;7.59096;7.87240;11.72490;10.27018;12.10626;6.65069;10.35301;10.13283;4.64039;10.36175;10.75886;7.66270;11.55648;8.45317;6.12298;5.70321;10.90195;11.81734;6.13945;8.71443;10.27636;8.05452;11.57621
1;12.05935;4.41278;7.93210;8.96421;11.55453;9.80554;11.62904;7.29251;9.50915;9.53204;3.82512;9.94837;11.00314;8.78989;10.24129;11.22857;5.78319;5.86851;10.83453;12.48033;6.81992;9.48454;10.57768;8.98806;11.20538
1;11.35647;7.20144;6.62147;7.89200;10.37762;9.61132;11.68031;4.76022;9.39301;9.48896;5.78372;10.24488;10.82022;8.99479;9.89933;11.89491;6.29278;5.13607;10.27862;12.16237;6.80954;8.35793;10.63287;9.21306;11.64031
1;10.88335;4.02901;8.61198;9.42488;12.31613;10.05041;12.22147;6.37938;10.87017;11.07902;3.26821;9.73801;10.91861;9.65719;10.66677;11.20331;5.74994;4.80787;10.84984;12.00529;5.78372;7.23103;9.72826;10.66526;11.51994
1;11.49080;5.56499;7.15097;8.18824;12.12727;10.78133;11.67142;7.00596;10.98748;11.04409;2.62293;10.54908;11.30638;10.07276;10.89577;11.19845;5.70321;5.35755;10.28165;11.90996;5.49057;8.32719;10.38123;10.68758;11.66375
1;10.72692;4.60940;7.15714;8.29218;11.73085;9.95389;11.70468;5.81275;9.73324;9.40190;3.43029;10.06933;10.68485;9.11299;11.06885;11.28906;5.85873;4.85549;10.99450;11.94950;5.96740;8.46846;10.43411;9.39167;11.46052
1;10.47480;5.14486;8.42660;9.22219;11.42898;10.89297;11.69231;5.67356;10.44827;10.42437;3.22342;10.49903;10.60559;9.53199;11.39800;10.69756;6.45549;4.43962;11.25839;12.46558;5.98823;8.61162;9.93859;9.28117;11.78464
1;11.40550;6.06199;9.54533;10.25828;11.78833;9.08977;11.94436;6.67426;8.27659;8.10805;5.81327;10.26838;10.64984;5.39643;9.76461;6.40037;5.98368;5.32193;11.98889;12.43751;6.22072;7.36737;10.36466;5.71973;11.17335
1;11.21789;5.74349;8.77137;9.49787;11.39518;10.24196;11.96339;5.88301;10.61330;9.96115;5.07211;11.01079;10.29552;10.15884;11.60072;10.53552;6.62783;5.80012;10.66074;12.77389;6.61198;8.43033;9.95542;10.57822;11.55609
1;11.09646;4.68482;8.29586;8.64404;11.43917;10.61403;11.87657;6.86282;9.92273;10.00804;4.51096;11.09288;10.23770;9.87731;10.70154;10.91612;6.03782;2.09424;11.31034;12.34914;6.86282;7.72069;10.44439;10.54251;11.75980
1;11.62418;6.20359;8.40190;8.89409;11.78339;10.61793;11.72921;4.78921;10.30115;10.23597;5.40088;10.77213;11.23393;8.89175;11.11431;10.61716;6.30067;5.29719;10.58621;12.51043;6.06846;8.23539;10.49025;9.35370;11.51881
1;10.52924;5.43296;7.48519;8.32242;11.53305;9.98981;11.77290;7.20994;10.08925;10.02517;4.98959;10.61796;10.16439;8.85412;10.54351;10.94419;6.11187;5.82528;10.24984;12.34412;6.47379;8.09545;10.67815;9.81264;10.65407
1;11.63335;5.20633;8.39356;8.89442;11.15719;9.23036;11.54350;6.70016;8.12267;7.62505;4.25927;10.01731;10.71850;6.46287;10.52450;11.07537;5.51728;5.20633;11.58464;12.34787;7.07157;7.22168;9.79790;6.30998;10.49349
1;11.23712;5.07810;8.47460;9.40529;11.69844;9.84530;11.77938;7.66789;8.84417;8.50696;3.96347;10.46622;10.66645;8.01608;10.63849;9.81836;6.27034;5.45516;11.16981;12.73986;6.97315;8.31011;10.04952;8.47460;11.47663
1;12.08101;5.85873;10.73779;11.11055;11.78147;10.09150;11.50900;6.59723;8.87237;8.47054;4.68426;10.01985;10.96849;6.96705;9.06296;8.87486;6.54828;6.18150;8.97085;12.28008;6.75676;8.89212;10.84470;8.31442;11.36874
1;11.22445;5.23917;8.23544;8.91940;11.82120;10.53175;11.96219;6.71081;11.23080;11.16599;3.89530;10.44256;10.48102;10.30026;11.54653;11.10364;6.11873;3.80735;11.10805;12.51612;6.52982;7.33324;10.29256;10.67856;11.67191
1;11.12705;5.21121;8.21687;8.69601;11.35796;10.56553;11.94164;6.91654;10.28144;10.25543;2.73885;10.47470;10.67669;9.95267;10.68707;10.71201;5.35244;4.79129;10.48227;12.64956;5.98778;8.28797;10.04104;10.56968;11.32819
1;11.79805;5.81121;8.38664;9.04584;11.65222;10.32583;11.84639;6.91265;10.29638;10.20639;5.15543;9.95286;10.99543;9.62717;10.57129;11.04764;5.64097;5.19101;11.20555;12.53145;7.01603;8.49566;10.29532;10.11754;11.29264
1;10.68752;4.11603;8.52219;9.42593;11.52237;10.34289;11.83083;6.74147;8.62983;8.65141;2.99014;10.26499;11.00626;5.61941;9.94432;8.13617;4.49378;4.92220;9.58016;12.41142;5.47930;9.08561;9.35352;6.73268;11.20344
1;10.82225;5.76633;8.08619;8.97209;11.72699;9.84339;11.77617;6.65992;9.99101;9.73853;5.55244;10.56547;10.73209;8.24774;10.58401;10.50957;6.23783;5.82477;9.87975;12.46505;6.26641;8.49289;10.11750;7.94257;11.24098
1;11.09569;5.96486;7.80713;8.65107;11.29618;10.01621;12.20847;4.52857;10.12143;9.96717;5.90412;10.33888;10.28460;9.87363;10.64224;12.20069;6.30597;6.25560;10.68542;12.32369;6.08119;8.00405;10.37815;9.86733;11.48412
1;11.50130;4.91552;7.10129;8.12249;12.16114;10.39899;11.70017;6.86703;11.03368;10.85586;2.50838;10.12886;10.99253;9.61162;10.24436;10.58397;5.48848;4.74980;9.58018;12.63148;4.99118;9.83489;10.64687;10.10787;11.50378
1;11.93329;4.91743;8.68668;8.97304;11.73870;10.24577;12.18199;6.12081;9.96174;9.70869;1.31615;10.74148;11.06823;9.12371;10.66302;10.57205;6.06415;5.66676;10.79288;12.43306;6.49474;8.43538;10.63418;10.21928;11.49406
1;10.79949;5.62527;7.65585;8.32594;11.84012;11.03575;11.64474;5.88509;10.96012;10.95732;4.12681;10.73655;10.65423;9.32982;11.14389;11.44673;5.96763;5.86790;11.39670;11.89835;6.16289;8.19091;10.50494;9.60748;11.61897
1;10.84153;6.46197;8.31068;8.87642;10.92051;8.58752;11.81395;6.78607;7.28212;6.89209;6.46385;10.64463;10.95523;5.84084;10.29077;10.42452;6.73823;6.60822;11.83826;11.66959;7.14690;7.20315;9.33894;6.21742;10.82725
1;11.45502;6.30186;8.37395;8.75265;11.15852;10.29099;11.88173;6.71521;9.76581;9.30547;6.16360;11.33701;10.68037;8.44925;10.66462;9.76490;6.27891;5.95338;10.91772;12.25503;7.23969;8.51246;10.30366;9.45620;11.65539
1;11.32000;4.48414;7.22241;7.24589;11.42646;10.32893;11.87418;7.36181;10.42212;10.27692;2.09085;10.65118;10.50377;9.82527;10.36563;2.33199;5.73091;5.10978;9.88499;11.34164;6.24317;8.11129;10.49670;10.31504;11.58282
1;10.99231;5.28096;8.32744;8.68752;10.88355;9.63171;11.69071;7.24911;10.23026;10.21359;4.41143;10.46586;10.61444;10.11762;11.15297;11.89713;5.89615;5.16370;11.34394;12.20603;6.90755;7.32737;9.87154;9.99677;11.56084
1;10.65515;6.04680;8.81449;9.25714;11.00473;10.53012;11.73736;7.29043;9.91671;9.43756;4.81813;10.80152;10.47904;7.23439;11.34056;10.31836;6.36151;5.93546;11.76186;12.28307;6.79260;7.64559;10.28815;7.33172;11.80574
1;11.48108;5.91851;8.86278;9.06817;11.66017;10.17226;12.05379;7.06991;9.31257;8.63925;5.58511;11.12702;10.57826;7.27924;11.39726;10.58582;6.30442;5.24508;10.94089;12.54918;6.78136;7.46115;9.95195;8.16692;11.46442
1;11.13027;6.96243;6.17453;6.10852;10.17966;10.08400;11.73795;5.70183;9.18426;8.78244;6.88570;10.82100;10.82046;7.55198;10.76388;8.53021;6.75168;6.56742;8.65041;10.78944;7.12143;8.41600;9.91424;8.24665;11.41407
1;11.34267;5.69014;6.81928;7.20877;10.78199;10.94159;11.18486;6.73295;10.70402;10.25078;5.62761;11.15538;10.32773;9.51940;11.48059;10.57770;6.06523;5.09170;10.62395;12.39300;6.88753;8.03617;10.31655;8.79292;11.37136
1;11.70529;5.78267;9.33248;9.62326;10.30884;8.47982;11.28889;7.19486;8.57410;8.71836;5.17033;10.56219;10.80733;7.02492;9.81057;8.37877;5.78267;5.68426;11.45498;11.83896;6.88838;7.19486;9.28494;7.49865;10.50554
1;10.84589;3.38819;8.68004;9.43018;12.21967;10.15554;11.96662;7.05039;11.04883;10.94878;3.87165;9.94487;10.62193;9.57448;11.40002;8.86521;4.89724;5.31542;11.72892;12.19198;6.32175;6.86641;10.42759;10.25851;11.62481
1;11.22816;1.24489;8.48406;9.42303;11.61550;9.51369;12.19546;5.97292;9.83821;10.36744;3.79245;9.44357;10.64926;7.91755;11.06941;10.76330;4.80993;4.44626;11.89345;12.28859;5.89069;7.86096;9.93137;7.66213;11.35222
1;11.05160;5.48736;7.90671;8.69509;12.05915;10.70772;11.79144;6.48816;10.56219;10.53246;4.83213;9.89433;10.66156;10.32950;11.59870;7.32328;6.05159;5.79220;11.29951;11.87681;6.48333;8.35586;10.95112;10.77129;11.40824
1;10.95867;2.83390;8.16405;8.97479;11.39669;10.15217;11.90225;6.20359;10.32642;10.78641;3.67236;10.29984;11.05055;9.51481;10.81560;10.64695;5.53419;4.01970;10.85510;11.97884;5.88166;8.41168;10.10257;9.23319;11.34631
1;11.14550;5.27724;8.77413;9.15028;11.67570;10.31481;12.11698;6.64559;8.19101;8.08693;4.01792;10.14244;10.91905;6.27631;9.10541;10.26934;6.32085;4.86344;10.57206;11.37090;5.52482;8.43829;9.70541;6.48575;11.24695
1;10.89935;2.68032;8.88871;9.49550;12.00789;10.00676;11.98687;7.38982;9.99137;10.13942;3.00410;9.94435;10.69756;3.68145;11.39140;10.04963;4.38198;2.48800;11.43506;12.59647;5.92932;7.72792;10.35888;6.10769;11.41050
1;10.97154;5.59723;8.71805;9.11671;10.93401;10.50012;11.55655;6.44427;10.54468;10.52153;2.41414;10.89918;10.28135;10.04357;10.60681;11.68013;5.69293;3.93263;10.03298;12.19057;6.92291;8.87603;9.57641;10.10982;11.42326
1;11.33690;5.92125;7.46050;7.92107;9.53693;10.02639;11.78436;6.17093;10.16942;9.98719;5.77821;11.21281;11.09965;9.78205;10.24529;11.90653;6.32301;5.71672;9.57302;11.39792;6.44162;7.99390;9.61224;9.98567;11.43488
1;11.33222;6.00518;8.28364;9.02059;11.23975;10.44702;11.56571;6.08321;9.61314;9.68576;4.14893;10.00626;10.80025;7.56628;9.62158;11.57847;5.96440;4.96116;10.77171;12.46893;6.26191;8.45253;10.16611;8.13006;11.11934
1;10.93144;5.36702;7.96907;8.97065;11.46329;10.30260;11.65328;7.34456;10.75329;9.51246;4.42151;10.54932;10.52930;11.33154;11.70779;9.62755;5.36702;4.34412;10.25738;11.99022;6.35896;8.14185;10.21698;11.76301;11.36916
1;12.05705;2.87971;6.86975;7.59947;11.54576;10.78806;11.82536;6.51223;10.08428;9.82831;3.63866;10.62649;10.89082;4.81198;10.31522;10.73505;5.77479;5.04571;11.34652;12.49762;6.60303;9.11601;10.69985;6.23821;11.57732
1;11.18676;5.07895;7.91118;8.74792;11.38069;10.16685;11.97306;5.95884;11.33501;11.13932;4.03958;10.22713;10.78268;10.47201;11.02964;11.26141;5.71149;5.94075;9.23433;11.95445;5.90340;7.90488;10.52665;11.04253;11.66847
1;11.62184;4.45943;6.91355;7.86867;11.56129;10.55812;11.51907;7.15578;9.49867;9.07860;3.05050;11.07338;10.48585;8.96648;10.44310;12.02586;6.18775;5.15320;10.13535;11.83297;6.66192;8.62741;10.32401;9.65631;11.48023
1;11.61963;6.33423;7.34855;8.00501;10.98497;9.79366;11.66518;6.30807;8.55282;8.73990;4.81147;10.64489;10.82153;7.81551;9.74256;10.57727;6.19328;5.30706;10.34361;11.87716;6.88160;7.94854;10.47378;8.51665;11.04314
1;11.15258;4.21412;7.60285;7.82833;11.92985;11.04415;11.55731;7.09196;9.93743;9.78052;4.36282;10.67781;10.91025;8.67664;11.70415;10.65281;5.33414;5.16631;11.41430;12.08462;4.91815;8.00141;10.54477;9.75949;12.01434
1;11.57280;5.69460;8.57620;8.74571;10.87907;10.35808;11.82929;6.21228;10.00213;9.89893;6.28937;10.96128;10.84039;8.35085;10.56024;11.72227;6.16148;6.19397;9.67400;12.10259;6.39891;7.57871;9.59676;8.67225;11.32060
1;11.03790;6.13648;7.56316;8.65782;12.38498;10.55975;11.84699;6.73118;9.65585;9.65896;3.38543;10.02417;10.83369;9.01363;11.17967;10.79378;5.81634;5.74308;9.92108;11.64794;5.79831;7.45467;10.63029;9.33049;11.39589
1;11.17819;4.90063;7.74880;8.75094;11.80305;10.42320;11.65448;5.49570;10.15325;10.40252;0.56560;10.08592;10.91677;9.94791;10.81666;11.43257;5.60259;4.17712;10.33589;12.16903;5.53947;8.68370;9.97914;9.70229;11.43646
1;11.12321;4.78764;8.51857;9.17458;12.05769;10.24252;11.78727;6.48317;10.61467;10.88126;2.01792;10.09561;10.75046;10.15637;11.03267;11.14631;4.63459;4.82324;11.11118;12.19281;5.19495;8.18473;10.01036;10.77889;11.49340
1;10.82347;5.55674;8.19017;9.05028;11.54886;10.50519;11.81662;5.80761;10.10158;10.33696;5.76871;10.02499;10.48366;10.01823;10.73714;12.09530;6.19357;5.48671;11.03738;12.25460;5.68762;8.47415;10.40547;10.47227;11.50586
1;10.82247;5.23955;8.29517;9.20041;11.18843;10.43089;12.01463;5.40701;9.47381;9.54876;4.05137;10.05534;10.66465;8.26585;11.12799;10.48822;5.45121;4.53605;11.13400;12.44882;6.99198;8.41621;9.73215;7.45376;11.50572
1;11.08348;3.56071;8.83517;9.70004;11.97303;9.36835;11.99216;7.43679;9.61047;9.71732;4.32880;9.28107;10.70598;8.98051;10.81924;12.03395;5.42190;4.36036;11.35376;12.42531;6.15056;6.84310;10.32428;8.88420;11.16584
1;11.28996;4.93876;8.06577;9.11920;10.64667;9.61624;11.56481;5.26917;10.28720;10.32291;3.33628;10.27700;10.69316;9.54342;9.39859;11.99971;5.73145;5.02414;9.74389;11.91064;5.54164;7.81173;10.61029;9.74878;11.20604
1;11.50168;4.20163;9.37552;9.88903;11.10231;10.58928;11.96489;6.71438;9.77749;9.50514;1.78241;9.83742;11.01032;9.21021;11.26717;7.35764;4.95466;5.47216;11.95663;11.88583;5.85250;6.96209;10.41029;10.37705;11.21202
1;11.04296;4.42223;7.72096;8.81070;11.47702;10.40844;12.20816;5.11395;10.22336;10.44360;4.07296;9.85459;10.81976;10.21553;10.59003;10.78209;6.25531;4.66676;10.01504;12.28088;4.90737;8.49617;10.48398;10.43762;11.51225
1;11.38845;3.03088;8.66956;9.73422;12.02567;10.54884;11.99316;5.96047;9.10326;8.45812;3.36391;10.04970;10.99343;5.97384;11.18715;7.98556;2.81967;3.98185;11.39103;12.40021;5.93334;8.86357;10.29987;6.07660;11.40642
1;11.54494;7.11967;9.93977;10.62116;11.60381;9.67223;12.21187;6.05745;7.73701;8.39985;7.83712;10.32967;11.16312;7.19318;8.70179;7.28346;6.39163;6.40395;8.28582;11.72430;7.00203;7.63481;9.59365;7.86450;11.14011
1;11.39389;2.88362;9.08539;9.95408;12.14636;10.11494;12.12868;5.60674;9.40489;9.59259;4.24031;10.53016;10.97047;7.76653;10.49818;8.88304;5.24336;4.79286;10.73642;12.15063;5.58676;8.43958;10.27723;8.22477;11.31677
2;10.91997;3.44095;9.10688;9.56896;12.16035;10.02215;12.09256;7.57728;11.14370;11.35413;0.64155;9.59345;10.54579;8.54770;11.74543;11.09961;5.42626;3.83188;11.59319;12.14778;6.23247;6.99831;10.48883;8.39536;11.84880
2;10.78435;3.81044;8.83712;9.40024;12.04098;10.25980;11.98518;7.12505;10.78763;10.64197;2.68995;9.55630;10.44163;9.45150;11.45664;10.95965;5.99752;2.81523;11.31513;12.45395;6.18468;7.31252;10.25188;9.57147;11.63400
2;10.31999;5.69850;8.48224;8.68011;12.13576;10.05207;12.11264;7.20809;10.51946;10.02400;5.67158;9.76500;10.70468;7.07071;11.41182;10.09920;6.36859;6.00899;11.58618;12.21617;6.71012;7.83529;10.25114;7.14098;10.92801
2;10.80991;4.16108;8.64003;9.70408;12.05506;10.10125;12.16059;7.08076;10.53589;10.40372;3.77704;9.94433;10.83634;8.33677;11.71729;9.41047;5.62965;3.64386;11.23306;12.50165;6.46156;7.33092;10.66417;8.60785;11.74530
2;10.88769;4.31832;9.16453;9.68682;11.80905;10.05091;11.94172;7.57387;10.55728;10.65709;3.63914;9.73254;10.63621;7.77498;11.51090;11.76091;4.49249;3.61706;11.44588;12.15669;6.25418;6.89676;10.29935;8.11904;11.53345
2;10.90518;4.70487;8.86251;9.35874;11.90728;9.81460;12.21391;7.33575;10.65056;10.68903;4.27798;9.41950;10.48970;7.40812;11.70118;9.71466;5.98345;5.52826;11.22842;12.20578;6.56438;7.16430;10.32272;7.17183;11.75689
2;10.90998;3.79805;9.26031;9.53296;10.98018;10.16140;11.96960;7.54334;10.06505;9.94257;2.33342;10.75430;10.53736;9.55654;11.42317;9.81658;4.76553;3.97085;11.25342;12.56435;6.43580;7.64882;10.60799;9.46512;11.64965
2;11.25384;4.05050;9.55330;9.46903;11.55730;10.11196;12.13560;7.93717;11.20133;11.22683;3.46205;10.05334;10.26980;8.72462;11.75197;9.45195;5.58496;4.92742;11.69780;12.38229;7.26153;7.07607;10.50134;9.32001;11.73686
2;10.76756;5.67384;9.29499;9.58686;11.97379;9.93911;12.04895;7.36868;10.62080;10.52779;4.66732;10.05926;10.44606;5.16269;11.59558;9.70323;6.33539;4.57350;11.45491;12.36897;6.08534;7.23601;10.24031;5.97934;11.62916
2;10.99204;2.64155;9.09611;9.54228;12.01612;9.93783;12.22087;7.53224;11.23966;11.27138;3.98025;9.64279;10.61172;6.61648;11.74888;9.77200;4.90929;3.34197;11.48900;12.27505;6.55259;7.39258;10.47073;6.57849;11.65304
2;10.84216;5.12143;9.17707;9.50764;11.78856;10.02191;12.15462;7.03529;10.81991;10.66761;4.42223;9.76331;10.39742;8.10150;11.53755;9.99155;5.84273;4.85599;11.55251;12.47204;6.53247;6.94965;10.52282;7.63314;11.75697
2;10.78402;3.80839;8.77142;9.29333;12.11881;10.01974;12.24382;7.45820;10.64162;10.70182;2.00642;9.58517;10.75585;6.56758;11.47787;10.47986;4.34270;3.09085;11.14654;12.33594;6.44294;7.57008;10.35640;7.09276;11.68656
2;11.11617;4.33557;9.09716;9.81861;12.15625;10.02076;11.94912;7.54001;10.46033;10.63377;3.47715;9.43033;10.60339;8.95655;11.26039;8.02774;3.41143;3.21257;10.98948;12.31338;6.40939;7.46369;10.68905;9.33316;11.34613
2;10.80418;4.60822;9.16456;9.33898;12.04177;10.02283;12.26598;7.03562;10.87646;11.04349;5.02945;9.77251;10.26251;7.26922;11.68245;10.55850;6.07938;4.60822;11.73611;12.26796;6.58752;6.76911;10.26706;7.03562;11.60363
2;10.96674;4.98231;9.05943;9.79729;11.59633;10.02517;12.12004;7.53356;10.05463;9.53306;3.60014;9.47557;10.68280;5.40224;11.12783;8.40548;5.89603;4.44228;11.38571;12.28407;6.35279;7.00641;10.16777;6.69933;11.23858
2;10.74703;6.09255;9.14509;9.54769;11.81525;10.06614;12.10328;7.14006;10.41648;9.99322;3.77189;9.75716;10.75537;6.63081;11.64895;8.91663;5.64501;3.77189;11.39376;12.28030;6.61927;7.14006;10.18779;6.88374;11.57331
2;11.36319;5.25588;9.07940;9.56400;11.91152;10.23522;12.10280;6.32930;10.42592;9.81282;3.68930;10.42885;10.65818;5.54381;11.54924;10.11815;5.10685;4.28244;11.39835;12.59326;6.73715;7.19987;10.68829;6.03144;11.53020
3;11.23759;6.91791;7.75201;8.08720;10.78300;9.84529;11.91749;6.22323;10.47314;10.56604;7.50787;10.81762;10.68772;8.53212;10.47415;12.13362;8.05534;5.56133;11.06256;12.36075;5.97568;8.71411;11.40754;9.04928;11.63432
3;11.55941;6.73755;6.62000;7.28457;11.02896;9.43550;11.64509;5.67440;10.97383;11.03781;7.76321;10.23864;10.51230;9.75929;10.68649;11.16532;7.43154;5.75087;10.04476;12.09208;4.93923;9.15325;11.13515;10.57134;11.43984
3;11.09405;5.94603;8.28420;8.69098;11.12561;10.50960;11.97794;6.22130;10.43522;10.48559;5.31179;10.10308;10.72354;10.22766;11.50105;11.79867;7.11364;5.63459;10.32515;12.13081;5.11811;7.51152;11.25772;11.03492;11.57158
3;11.32852;6.52356;7.87073;8.46687;11.35845;9.31018;11.99641;4.49121;10.26615;10.33031;8.29820;10.37239;10.97922;6.92861;9.70191;12.12775;7.98868;4.93593;10.29301;12.05253;5.68285;8.31474;11.70954;7.63467;10.94242
3;11.22686;7.13360;5.88411;6.82972;10.01470;8.70891;11.34453;4.88996;7.44989;7.34163;7.49562;10.34811;10.65929;7.02901;8.21218;7.45574;8.39236;6.73796;7.48993;11.22158;6.29811;9.38392;11.45196;7.57221;10.10424
3;11.25173;5.38681;8.16456;8.97137;11.48189;10.01659;11.95853;5.77926;9.63824;9.81086;6.05268;10.00063;10.29054;8.28725;11.14166;12.14548;7.21665;5.57168;11.06706;12.14352;5.75756;8.29902;11.25344;8.24341;11.52691
4;10.48114;4.45868;6.39094;7.83150;11.11228;9.31535;11.42913;6.44410;10.28693;10.49715;3.68127;9.58943;10.79302;10.13331;9.78696;11.84750;5.73985;3.86295;10.99717;12.07924;4.87086;9.28432;10.44642;10.77809;11.05934
4;11.44483;5.36702;6.71370;7.30624;12.28001;10.51971;11.80141;7.51649;10.66255;10.52799;4.03575;10.43464;11.04303;9.65362;10.29604;9.39315;4.63227;4.04963;9.73944;12.18006;5.49217;8.40655;10.65743;10.38363;11.71373
4;11.22092;5.88826;6.65578;7.65750;12.26754;10.36540;11.62589;7.41481;10.66630;10.69855;3.10769;10.23481;10.49944;10.08487;10.59976;11.42158;5.75114;4.87283;10.17920;12.05192;5.59932;7.92813;10.36435;10.56169;11.44998
4;11.32749;4.20006;6.82209;7.68173;11.63463;10.58895;11.36107;6.86901;8.98974;8.87117;5.87381;10.34097;11.20046;8.01140;9.97262;10.63532;5.40054;4.51475;11.12686;11.88034;5.08916;8.76308;10.85155;8.35266;11.70642
4;11.47473;2.10434;7.90026;8.67553;12.01649;9.86154;11.74000;6.98299;9.48935;9.41823;3.80768;9.94759;10.81387;9.50391;10.34119;11.14114;4.46858;3.79663;10.54643;12.21659;5.63807;8.81436;10.41040;10.23445;11.07257
4;11.22289;4.65935;7.55873;8.50831;12.22297;10.22207;11.85940;6.55228;10.19718;10.27297;3.82101;10.31671;10.79627;10.19838;10.79547;11.41886;5.27128;4.37990;10.64575;11.96275;5.67469;8.15745;10.25580;10.67833;11.47325
4;11.56131;5.19140;6.89385;7.82349;11.31367;11.06810;11.66868;7.46752;9.50754;8.95382;3.27501;11.10620;10.95286;9.15972;10.51857;10.57783;6.35120;5.06091;10.45709;12.41237;5.33949;8.52180;10.79179;9.54892;11.68714
4;11.39812;3.78241;7.26941;7.95006;12.23548;9.60905;11.64866;7.46948;9.64276;9.92844;1.03562;10.15535;10.08956;9.68512;9.81044;10.76059;4.91456;4.57954;10.36882;12.07411;5.36142;8.32409;10.60744;9.98127;11.60293
4;10.95680;0.18903;6.93062;7.67638;11.91360;10.75503;11.75825;7.30323;11.02981;11.09876;3.38111;10.42645;10.36676;10.40085;10.89633;11.48441;3.33914;4.81198;11.15663;12.35690;6.00023;8.27408;10.35864;10.76942;11.73145
4;11.53474;4.95884;5.79077;5.82451;11.99990;9.67811;11.01367;7.24869;9.25673;9.38599;4.11603;10.76669;10.73781;8.54824;9.53325;9.24520;5.52920;4.57833;9.66546;11.37680;6.26716;8.72965;10.16102;8.72965;11.19463
4;11.75389;4.20163;8.98248;9.70676;11.65929;10.48341;11.88994;6.84825;9.88205;9.82968;6.62278;10.22296;10.61268;8.73132;10.63244;10.64011;5.85000;4.01167;10.95796;12.35601;5.55766;8.21145;10.78262;9.42358;11.29246
4;11.71501;4.92267;6.76607;7.11426;11.50774;9.66571;11.86460;3.58976;8.85350;9.00087;4.31325;10.55594;10.95734;9.29925;9.48565;11.88588;6.32247;4.88069;9.65609;11.53943;5.04177;7.70453;10.59770;9.48927;11.43857
4;11.06207;4.51665;8.00135;8.90412;12.30413;10.00121;11.75892;6.99989;10.95093;10.88221;4.08880;10.38786;10.78244;10.00781;10.88813;11.36337;5.23955;4.34127;11.27259;12.61383;5.06178;8.12949;10.67788;10.60351;11.17607
4;11.29802;5.80219;7.24127;7.75542;10.96568;10.15913;11.33551;6.08619;9.77091;9.23867;6.10329;10.25512;10.94935;8.23429;9.81537;9.13656;6.67129;5.62439;9.95137;11.57063;6.10329;9.37319;10.81150;8.36413;10.93669
4;11.81370;5.82909;7.08247;7.92244;12.36883;10.14855;11.76257;6.88472;10.16609;10.34240;3.91743;10.39683;10.63146;9.59147;10.09145;10.76394;5.73471;4.11020;9.78780;11.91617;3.91743;8.52568;10.08917;10.61629;11.34289
4;11.28050;5.25437;6.10978;7.12815;12.27227;9.73446;11.62173;6.09719;10.51697;10.58363;4.22188;10.32691;10.43828;10.71065;10.50117;9.81344;6.04614;4.58376;10.15786;12.24641;5.03738;8.43684;10.34063;10.94025;11.55415
4;11.27230;3.86295;5.83592;6.98071;12.27081;10.29446;11.70956;6.98071;9.42926;9.33421;3.29637;10.34190;10.96870;8.94149;9.96323;7.66014;4.53605;4.53605;9.35891;11.31835;3.57168;8.50224;10.13618;10.18954;11.04447
4;11.17015;4.63052;7.16531;8.21330;12.08606;9.27188;11.46514;6.02636;9.08765;9.27188;4.40395;10.48716;10.87173;9.47588;10.75801;10.23702;5.34447;5.26566;10.51032;11.78542;5.06264;7.91803;10.53591;9.95715;11.31930
4;10.83730;4.40531;7.50764;8.60088;11.96620;9.86360;11.49830;7.46557;10.69412;10.62865;3.15866;10.41769;11.08789;9.35429;11.16078;8.78228;5.68734;3.52482;10.50719;12.31159;5.14527;8.38163;10.80517;10.71118;11.43685
4;11.65683;0.01436;6.29627;7.21471;10.16575;9.32661;11.38189;5.07980;9.17253;9.41876;3.89724;10.56148;10.92120;8.23625;8.93626;8.74140;5.34908;4.90881;8.82566;11.36285;3.70044;9.57082;10.91153;8.97576;11.16295
4;11.38241;3.81352;7.54365;8.19633;12.22175;9.96138;11.52023;6.56590;9.95140;10.11180;2.77731;10.51161;10.65389;9.76883;9.92622;10.56537;5.58496;4.13668;10.56537;12.49069;4.58195;8.97456;10.84147;9.97006;11.54916
5;10.69774;7.01179;7.81064;8.10224;9.82788;8.88512;11.11183;6.28928;8.10224;8.04532;7.12567;9.93952;10.42928;7.25144;10.59157;5.93711;6.51759;6.48382;8.82985;11.75205;8.58770;6.86208;9.66562;7.44526;10.65409
5;10.64200;8.35641;3.87480;5.42660;9.42167;7.94574;11.09176;5.05615;7.32364;7.49705;7.92475;9.82895;10.41301;6.22747;8.86521;5.64674;8.68562;7.18070;7.65191;11.16228;6.83264;7.52521;9.70622;6.08406;11.02130
5;10.90998;6.65578;6.72206;7.44410;9.91539;8.62169;11.19776;5.91097;7.37495;7.17243;7.47200;9.86450;10.18748;6.29389;10.91865;6.52372;6.56575;6.56575;9.04601;12.13583;8.46553;7.81481;9.22299;6.12205;10.87159
5;10.12883;6.60940;5.01748;4.66676;9.38487;7.96492;11.97142;4.41513;7.03397;7.49785;8.32053;8.95070;10.29237;4.37365;9.87171;3.51223;9.02755;6.48993;7.76321;10.69606;5.77926;7.09255;9.96145;5.38232;10.66248
5;10.74501;7.90280;7.58316;7.93009;9.27798;8.30501;10.34897;5.80271;7.36115;7.48164;7.02148;10.16373;10.39532;6.77821;8.96466;8.32571;7.15916;6.76102;8.81807;11.25581;7.05713;7.43354;8.77142;7.12598;9.73088
5;10.34839;7.16722;4.71644;2.50335;9.48363;7.86338;11.56814;6.25285;9.21924;9.29621;8.06145;10.04866;10.28166;6.37382;10.27299;6.75889;7.22641;7.01145;7.97928;11.25854;6.57909;7.49625;9.84651;7.08428;11.09347
5;11.11416;7.48002;5.35085;5.50271;8.86285;7.52325;10.16053;3.85798;7.80568;8.26936;8.09961;10.06936;10.54202;5.76580;9.70430;3.66448;6.19889;6.16269;7.45796;10.62753;6.23400;7.48736;9.20041;5.66647;10.32477
5;10.49731;6.40054;7.99577;8.24284;10.25107;8.54612;11.42293;5.51538;8.39365;8.49526;7.15259;8.68877;9.96776;7.38172;10.49798;5.95536;6.11956;5.89069;9.28875;11.62784;8.35517;6.65535;9.70047;8.99098;10.66358
5;10.35911;8.19987;6.56666;7.55267;10.19396;8.88646;11.72548;6.00809;9.19353;8.33275;10.04192;9.81319;10.37904;7.61021;9.45738;10.17825;6.87799;6.62337;9.85669;11.62860;6.45845;7.64911;10.56836;8.40965;10.56155
5;9.98579;8.52896;4.54411;4.59276;9.42177;8.38638;10.62514;4.07810;7.93646;7.80723;8.53528;9.55815;10.12736;5.56925;10.10650;1.26303;7.24213;6.35931;7.45598;11.05283;6.41481;7.39515;10.29668;6.41481;10.54719
5;10.54769;6.51995;7.72342;8.16370;8.74170;7.72921;10.25860;5.19495;5.78921;6.22516;7.05886;9.49227;9.43052;4.41684;8.36610;6.10580;7.23170;6.24127;7.83479;11.34459;6.79805;7.49161;9.21284;5.64990;10.51183
5;9.50010;6.24432;5.78057;5.50970;9.36888;8.07184;9.88710;5.86617;5.83238;6.25701;7.26660;8.52806;9.77829;6.56453;9.22651;4.43940;6.41329;7.56308;8.24992;10.95406;6.96544;6.86888;9.67668;5.46663;10.38463
5;10.05964;7.60155;7.64451;8.32098;9.69620;8.53041;10.56980;3.91552;7.45393;7.77913;7.80038;9.21514;10.00087;7.15785;10.32450;7.67243;6.77703;6.06329;6.54612;11.51111;8.53551;7.20310;9.67379;7.66313;10.77441
5;10.01077;7.70736;5.95536;6.39797;8.75402;8.23295;10.60145;4.31034;4.97039;6.55949;8.18780;8.21805;9.26132;3.51223;9.27408;4.42434;6.85599;5.97315;7.15745;11.38260;8.18011;6.76713;9.13714;4.51791;10.55682
5;9.54757;8.17233;5.48671;4.73227;8.99766;8.47228;10.68410;3.83582;5.20399;5.01748;6.78738;8.85150;9.77477;3.45490;7.66349;4.73540;6.63894;6.10685;6.56484;11.29238;8.23352;6.72069;9.14326;2.06005;11.26406
5;9.99013;7.66199;6.92683;7.00236;8.94357;7.46262;11.62899;5.16792;7.00236;7.69077;8.60870;8.72178;10.14671;5.43630;8.75485;4.41007;6.92683;7.23122;7.35156;10.84100;6.69641;7.26228;9.64598;5.56621;10.37338
5;10.52791;5.51159;7.92884;8.61515;11.06893;9.08632;11.59390;5.18110;9.20181;9.59846;7.65693;9.34350;10.20621;7.81320;11.13824;8.26355;5.79909;5.51159;9.73938;11.76575;7.67737;7.19298;9.83219;9.33369;11.35910
5;10.87674;6.74860;7.13443;7.60874;8.34274;7.63416;9.89136;4.38059;5.31832;6.11624;7.07991;9.85571;9.41081;3.60526;7.78947;4.55029;6.78306;6.52215;8.20080;11.35041;6.73688;7.34163;8.74470;4.83946;10.43773
5;10.73263;7.17871;6.80620;7.57259;9.93090;8.26800;11.89180;5.46793;9.31501;9.94924;9.06034;9.63250;10.31964;7.67694;9.61285;10.59840;7.34616;6.51460;10.03262;11.44020;6.35103;6.71136;10.12744;8.49237;10.44875
5;9.93216;5.61029;4.41752;4.51223;9.06356;8.19692;10.31491;4.03298;7.76168;8.05794;7.65650;9.25307;9.73747;6.55013;9.23907;3.63060;7.32544;5.75248;5.07296;11.43524;8.46463;7.29241;9.74497;6.86901;10.41405
